week number,week,county,hospitalized_covid_confirmed_patients,icu_covid_confirmed_patients,icu_available_beds
13,2020-03-30,Alameda,36,20,119
14,2020-04-06,Alameda,59,27,146
15,2020-04-13,Alameda,79,43,92
16,2020-04-20,Alameda,85,40,58
17,2020-04-27,Alameda,85,38,59
18,2020-05-04,Alameda,81,39,183
19,2020-05-11,Alameda,73,31,163
20,2020-05-18,Alameda,78,36,125
21,2020-05-25,Alameda,87,42,120
22,2020-06-01,Alameda,91,40,115
23,2020-06-08,Alameda,97,37,134
24,2020-06-15,Alameda,92,31,144
25,2020-06-22,Alameda,98,37,148
26,2020-06-29,Alameda,78,30,196
27,2020-07-06,Alameda,111,38,138
28,2020-07-13,Alameda,142,50,132
29,2020-07-20,Alameda,152,52,144
30,2020-07-27,Alameda,171,51,121
31,2020-08-03,Alameda,198,65,98
32,2020-08-10,Alameda,193,55,84
33,2020-08-17,Alameda,166,56,90
34,2020-08-24,Alameda,205,69,82
35,2020-08-31,Alameda,179,69,92
36,2020-09-07,Alameda,173,46,96
37,2020-09-14,Alameda,148,38,113
38,2020-09-21,Alameda,118,33,117
39,2020-09-28,Alameda,96,36,115
40,2020-10-05,Alameda,79,25,125
41,2020-10-12,Alameda,73,23,110
42,2020-10-19,Alameda,61,19,124
43,2020-10-26,Alameda,53,20,128
44,2020-11-02,Alameda,58,17,114
45,2020-11-09,Alameda,69,17,126
46,2020-11-16,Alameda,63,18,113
47,2020-11-23,Alameda,89,24,110
48,2020-11-30,Alameda,123,26,104
13,2020-03-30,Amador,1,0,2
14,2020-04-06,Amador,0,0,4
15,2020-04-13,Amador,0,0,2
16,2020-04-20,Amador,0,0,3
17,2020-04-27,Amador,0,0,4
18,2020-05-04,Amador,0,0,5
19,2020-05-11,Amador,0,0,3
20,2020-05-18,Amador,0,0,2
21,2020-05-25,Amador,0,0,4
22,2020-06-01,Amador,0,0,1
23,2020-06-08,Amador,0,0,4
24,2020-06-15,Amador,0,0,3
25,2020-06-22,Amador,1,0,0
26,2020-06-29,Amador,0,0,0
27,2020-07-06,Amador,1,1,1
28,2020-07-13,Amador,1,1,2
29,2020-07-20,Amador,1,1,3
30,2020-07-27,Amador,2,0,0
31,2020-08-03,Amador,3,1,1
32,2020-08-10,Amador,10,4,0
33,2020-08-17,Amador,7,2,2
34,2020-08-24,Amador,7,2,2
35,2020-08-31,Amador,4,0,4
36,2020-09-07,Amador,1,0,3
37,2020-09-14,Amador,2,0,4
38,2020-09-21,Amador,0,0,6
39,2020-09-28,Amador,1,0,3
40,2020-10-05,Amador,0,0,3
41,2020-10-12,Amador,0,0,3
42,2020-10-19,Amador,1,0,3
43,2020-10-26,Amador,0,0,3
44,2020-11-02,Amador,4,0,6
45,2020-11-09,Amador,0,0,6
46,2020-11-16,Amador,2,0,4
47,2020-11-23,Amador,3,0,6
48,2020-11-30,Amador,3,1,3
13,2020-03-30,Butte,0,0,0
14,2020-04-06,Butte,4,2,5
15,2020-04-13,Butte,1,1,9
16,2020-04-20,Butte,1,1,3
17,2020-04-27,Butte,1,0,9
18,2020-05-04,Butte,0,0,22
19,2020-05-11,Butte,0,0,12
20,2020-05-18,Butte,2,0,25
21,2020-05-25,Butte,2,1,22
22,2020-06-01,Butte,7,3,19
23,2020-06-08,Butte,4,1,17
24,2020-06-15,Butte,4,2,19
25,2020-06-22,Butte,3,3,14
26,2020-06-29,Butte,6,3,11
27,2020-07-06,Butte,6,2,9
28,2020-07-13,Butte,12,7,1
29,2020-07-20,Butte,15,9,4
30,2020-07-27,Butte,24,9,6
31,2020-08-03,Butte,25,8,11
32,2020-08-10,Butte,26,8,10
33,2020-08-17,Butte,19,8,4
34,2020-08-24,Butte,22,9,5
35,2020-08-31,Butte,24,8,10
36,2020-09-07,Butte,17,4,19
37,2020-09-14,Butte,23,6,7
38,2020-09-21,Butte,14,3,6
39,2020-09-28,Butte,12,3,13
40,2020-10-05,Butte,13,6,8
41,2020-10-12,Butte,8,4,15
42,2020-10-19,Butte,6,4,10
43,2020-10-26,Butte,2,2,11
44,2020-11-02,Butte,8,1,12
45,2020-11-09,Butte,9,4,10
46,2020-11-16,Butte,12,0,13
47,2020-11-23,Butte,23,1,16
48,2020-11-30,Butte,32,4,14
13,2020-03-30,Calaveras,0,0,0
14,2020-04-06,Calaveras,0,0,5
15,2020-04-13,Calaveras,0,0,6
16,2020-04-20,Calaveras,0,0,10
17,2020-04-27,Calaveras,0,0,11
18,2020-05-04,Calaveras,0,0,12
19,2020-05-11,Calaveras,0,0,11
20,2020-05-18,Calaveras,0,0,8
21,2020-05-25,Calaveras,0,0,11
22,2020-06-01,Calaveras,0,0,10
23,2020-06-08,Calaveras,1,1,9
24,2020-06-15,Calaveras,0,0,10
25,2020-06-22,Calaveras,0,0,9
26,2020-06-29,Calaveras,0,0,10
27,2020-07-06,Calaveras,1,1,10
28,2020-07-13,Calaveras,0,0,8
29,2020-07-20,Calaveras,0,0,10
30,2020-07-27,Calaveras,3,1,9
31,2020-08-03,Calaveras,1,1,6
32,2020-08-10,Calaveras,0,0,8
33,2020-08-17,Calaveras,3,2,5
34,2020-08-24,Calaveras,2,1,5
35,2020-08-31,Calaveras,5,2,4
36,2020-09-07,Calaveras,2,2,4
37,2020-09-14,Calaveras,1,1,6
38,2020-09-21,Calaveras,2,2,3
39,2020-09-28,Calaveras,0,0,6
40,2020-10-05,Calaveras,0,0,6
41,2020-10-12,Calaveras,0,0,5
42,2020-10-19,Calaveras,0,0,6
43,2020-10-26,Calaveras,0,0,6
44,2020-11-02,Calaveras,0,0,6
45,2020-11-09,Calaveras,0,0,6
46,2020-11-16,Calaveras,0,0,3
47,2020-11-23,Calaveras,2,2,5
48,2020-11-30,Calaveras,2,2,4
13,2020-03-30,Colusa,0,0,0
14,2020-04-06,Colusa,0,0,5
15,2020-04-13,Colusa,0,0,6
16,2020-04-20,Colusa,0,0,6
17,2020-04-27,Colusa,1,0,5
18,2020-05-04,Colusa,1,1,4
19,2020-05-11,Colusa,0,0,6
20,2020-05-18,Colusa,0,0,6
21,2020-05-25,Colusa,0,0,5
22,2020-06-01,Colusa,0,0,6
23,2020-06-08,Colusa,0,0,6
24,2020-06-15,Colusa,0,0,5
25,2020-06-22,Colusa,0,0,6
26,2020-06-29,Colusa,0,0,6
27,2020-07-06,Colusa,0,0,6
28,2020-07-13,Colusa,0,0,6
29,2020-07-20,Colusa,0,0,6
30,2020-07-27,Colusa,2,0,6
31,2020-08-03,Colusa,0,0,0
32,2020-08-10,Colusa,1,0,0
33,2020-08-17,Colusa,5,0,0
34,2020-08-24,Colusa,2,0,0
35,2020-08-31,Colusa,1,0,0
36,2020-09-07,Colusa,10,0,0
37,2020-09-14,Colusa,0,0,0
38,2020-09-21,Colusa,0,0,0
39,2020-09-28,Colusa,3,0,0
40,2020-10-05,Colusa,1,0,0
41,2020-10-12,Colusa,4,0,0
42,2020-10-19,Colusa,0,0,0
43,2020-10-26,Colusa,0,0,0
44,2020-11-02,Colusa,0,0,0
45,2020-11-09,Colusa,0,0,0
46,2020-11-16,Colusa,0,0,0
47,2020-11-23,Colusa,4,0,0
48,2020-11-30,Colusa,5,0,0
13,2020-03-30,Contra Costa,23,8,62
14,2020-04-06,Contra Costa,25,11,90
15,2020-04-13,Contra Costa,30,15,78
16,2020-04-20,Contra Costa,44,16,69
17,2020-04-27,Contra Costa,37,13,75
18,2020-05-04,Contra Costa,24,10,158
19,2020-05-11,Contra Costa,19,7,142
20,2020-05-18,Contra Costa,16,8,105
21,2020-05-25,Contra Costa,19,9,122
22,2020-06-01,Contra Costa,13,6,103
23,2020-06-08,Contra Costa,13,8,100
24,2020-06-15,Contra Costa,20,7,116
25,2020-06-22,Contra Costa,27,7,115
26,2020-06-29,Contra Costa,32,10,164
27,2020-07-06,Contra Costa,37,14,142
28,2020-07-13,Contra Costa,57,22,143
29,2020-07-20,Contra Costa,84,25,134
30,2020-07-27,Contra Costa,93,36,143
31,2020-08-03,Contra Costa,105,38,48
32,2020-08-10,Contra Costa,99,42,53
33,2020-08-17,Contra Costa,99,36,50
34,2020-08-24,Contra Costa,97,34,43
35,2020-08-31,Contra Costa,91,29,58
36,2020-09-07,Contra Costa,81,25,57
37,2020-09-14,Contra Costa,64,25,46
38,2020-09-21,Contra Costa,67,26,54
39,2020-09-28,Contra Costa,52,18,54
40,2020-10-05,Contra Costa,30,12,52
41,2020-10-12,Contra Costa,37,7,59
42,2020-10-19,Contra Costa,26,7,53
43,2020-10-26,Contra Costa,25,5,52
44,2020-11-02,Contra Costa,26,10,57
45,2020-11-09,Contra Costa,40,10,41
46,2020-11-16,Contra Costa,45,14,44
47,2020-11-23,Contra Costa,63,25,36
48,2020-11-30,Contra Costa,94,25,50
13,2020-03-30,Del Norte,1,0,3
14,2020-04-06,Del Norte,0,0,5
15,2020-04-13,Del Norte,0,0,0
16,2020-04-20,Del Norte,0,0,3
17,2020-04-27,Del Norte,0,0,1
18,2020-05-04,Del Norte,0,0,5
19,2020-05-11,Del Norte,0,0,5
20,2020-05-18,Del Norte,0,0,0
21,2020-05-25,Del Norte,0,0,2
22,2020-06-01,Del Norte,0,0,3
23,2020-06-08,Del Norte,0,0,4
24,2020-06-15,Del Norte,0,0,1
25,2020-06-22,Del Norte,0,0,0
26,2020-06-29,Del Norte,0,0,6
27,2020-07-06,Del Norte,1,1,0
28,2020-07-13,Del Norte,1,0,2
29,2020-07-20,Del Norte,0,0,0
30,2020-07-27,Del Norte,0,0,1
31,2020-08-03,Del Norte,0,0,2
32,2020-08-10,Del Norte,0,0,3
33,2020-08-17,Del Norte,1,1,2
34,2020-08-24,Del Norte,0,0,3
35,2020-08-31,Del Norte,0,0,1
36,2020-09-07,Del Norte,0,0,3
37,2020-09-14,Del Norte,0,0,6
38,2020-09-21,Del Norte,0,0,4
39,2020-09-28,Del Norte,0,0,1
40,2020-10-05,Del Norte,0,0,1
41,2020-10-12,Del Norte,0,0,3
42,2020-10-19,Del Norte,0,0,2
43,2020-10-26,Del Norte,1,0,1
44,2020-11-02,Del Norte,1,0,2
45,2020-11-09,Del Norte,0,0,5
46,2020-11-16,Del Norte,0,0,0
47,2020-11-23,Del Norte,0,0,3
48,2020-11-30,Del Norte,1,0,2
13,2020-03-30,El Dorado,0,0,3
14,2020-04-06,El Dorado,0,0,9
15,2020-04-13,El Dorado,16,0,10
16,2020-04-20,El Dorado,19,0,12
17,2020-04-27,El Dorado,0,0,13
18,2020-05-04,El Dorado,1,0,7
19,2020-05-11,El Dorado,0,0,9
20,2020-05-18,El Dorado,0,0,8
21,2020-05-25,El Dorado,1,1,13
22,2020-06-01,El Dorado,1,1,11
23,2020-06-08,El Dorado,1,1,8
24,2020-06-15,El Dorado,1,1,11
25,2020-06-22,El Dorado,0,0,6
26,2020-06-29,El Dorado,1,1,7
27,2020-07-06,El Dorado,1,1,9
28,2020-07-13,El Dorado,2,2,5
29,2020-07-20,El Dorado,2,2,8
30,2020-07-27,El Dorado,2,2,8
31,2020-08-03,El Dorado,3,2,12
32,2020-08-10,El Dorado,3,1,12
33,2020-08-17,El Dorado,4,4,6
34,2020-08-24,El Dorado,0,0,8
35,2020-08-31,El Dorado,1,1,9
36,2020-09-07,El Dorado,0,0,13
37,2020-09-14,El Dorado,0,0,12
38,2020-09-21,El Dorado,1,1,12
39,2020-09-28,El Dorado,0,0,8
40,2020-10-05,El Dorado,1,1,5
41,2020-10-12,El Dorado,1,1,11
42,2020-10-19,El Dorado,1,1,10
43,2020-10-26,El Dorado,0,0,10
44,2020-11-02,El Dorado,1,1,8
45,2020-11-09,El Dorado,2,1,8
46,2020-11-16,El Dorado,4,4,5
47,2020-11-23,El Dorado,5,5,5
48,2020-11-30,El Dorado,11,5,4
13,2020-03-30,Fresno,8,3,22
14,2020-04-06,Fresno,10,3,24
15,2020-04-13,Fresno,18,11,45
16,2020-04-20,Fresno,22,12,60
17,2020-04-27,Fresno,35,15,55
18,2020-05-04,Fresno,39,17,89
19,2020-05-11,Fresno,47,19,89
20,2020-05-18,Fresno,56,19,87
21,2020-05-25,Fresno,61,15,99
22,2020-06-01,Fresno,66,19,92
23,2020-06-08,Fresno,68,17,393
24,2020-06-15,Fresno,70,15,97
25,2020-06-22,Fresno,61,22,86
26,2020-06-29,Fresno,83,18,82
27,2020-07-06,Fresno,116,30,76
28,2020-07-13,Fresno,148,31,89
29,2020-07-20,Fresno,212,46,59
30,2020-07-27,Fresno,283,52,46
31,2020-08-03,Fresno,297,51,26
32,2020-08-10,Fresno,297,59,19
33,2020-08-17,Fresno,273,58,10
34,2020-08-24,Fresno,235,59,11
35,2020-08-31,Fresno,244,54,20
36,2020-09-07,Fresno,184,48,21
37,2020-09-14,Fresno,153,41,24
38,2020-09-21,Fresno,118,33,30
39,2020-09-28,Fresno,89,28,18
40,2020-10-05,Fresno,76,20,13
41,2020-10-12,Fresno,107,19,12
42,2020-10-19,Fresno,89,18,36
43,2020-10-26,Fresno,100,23,34
44,2020-11-02,Fresno,95,25,24
45,2020-11-09,Fresno,106,26,31
46,2020-11-16,Fresno,112,30,26
47,2020-11-23,Fresno,151,35,21
48,2020-11-30,Fresno,255,40,20
13,2020-03-30,Glenn,0,0,0
14,2020-04-06,Glenn,0,0,0
15,2020-04-13,Glenn,0,0,0
16,2020-04-20,Glenn,0,0,0
17,2020-04-27,Glenn,0,0,0
18,2020-05-04,Glenn,0,0,0
19,2020-05-11,Glenn,0,0,0
20,2020-05-18,Glenn,0,0,0
21,2020-05-25,Glenn,0,0,0
22,2020-06-01,Glenn,0,0,0
23,2020-06-08,Glenn,0,0,0
24,2020-06-15,Glenn,0,0,0
25,2020-06-22,Glenn,1,0,0
26,2020-06-29,Glenn,0,0,0
27,2020-07-06,Glenn,0,0,0
28,2020-07-13,Glenn,0,0,0
29,2020-07-20,Glenn,0,0,0
30,2020-07-27,Glenn,0,0,0
31,2020-08-03,Glenn,0,0,0
32,2020-08-10,Glenn,0,0,0
33,2020-08-17,Glenn,0,0,0
34,2020-08-24,Glenn,0,0,0
35,2020-08-31,Glenn,0,0,0
36,2020-09-07,Glenn,0,0,0
37,2020-09-14,Glenn,0,0,0
38,2020-09-21,Glenn,0,0,0
39,2020-09-28,Glenn,0,0,0
40,2020-10-05,Glenn,0,0,0
41,2020-10-12,Glenn,0,0,0
42,2020-10-19,Glenn,0,0,0
43,2020-10-26,Glenn,0,0,0
44,2020-11-02,Glenn,0,0,0
45,2020-11-09,Glenn,0,0,0
46,2020-11-16,Glenn,0,0,0
47,2020-11-23,Glenn,0,0,0
48,2020-11-30,Glenn,0,0,0
13,2020-03-30,Humboldt,1,0,18
14,2020-04-06,Humboldt,1,0,10
15,2020-04-13,Humboldt,3,0,2
16,2020-04-20,Humboldt,2,0,10
17,2020-04-27,Humboldt,0,0,4
18,2020-05-04,Humboldt,0,0,4
19,2020-05-11,Humboldt,1,0,8
20,2020-05-18,Humboldt,2,0,5
21,2020-05-25,Humboldt,4,1,3
22,2020-06-01,Humboldt,6,1,4
23,2020-06-08,Humboldt,4,0,7
24,2020-06-15,Humboldt,1,0,3
25,2020-06-22,Humboldt,0,0,2
26,2020-06-29,Humboldt,0,0,3
27,2020-07-06,Humboldt,0,0,2
28,2020-07-13,Humboldt,1,1,4
29,2020-07-20,Humboldt,0,0,6
30,2020-07-27,Humboldt,0,0,4
31,2020-08-03,Humboldt,0,0,6
32,2020-08-10,Humboldt,0,0,7
33,2020-08-17,Humboldt,2,0,4
34,2020-08-24,Humboldt,2,1,6
35,2020-08-31,Humboldt,1,1,2
36,2020-09-07,Humboldt,1,1,4
37,2020-09-14,Humboldt,1,1,3
38,2020-09-21,Humboldt,1,1,4
39,2020-09-28,Humboldt,4,0,4
40,2020-10-05,Humboldt,2,1,2
41,2020-10-12,Humboldt,2,1,11
42,2020-10-19,Humboldt,4,1,3
43,2020-10-26,Humboldt,3,1,3
44,2020-11-02,Humboldt,2,0,3
45,2020-11-09,Humboldt,2,0,2
46,2020-11-16,Humboldt,2,0,6
47,2020-11-23,Humboldt,2,1,3
48,2020-11-30,Humboldt,4,0,2
13,2020-03-30,Imperial,5,1,2
14,2020-04-06,Imperial,19,3,4
15,2020-04-13,Imperial,9,7,3
16,2020-04-20,Imperial,19,7,6
17,2020-04-27,Imperial,25,11,1
18,2020-05-04,Imperial,27,11,4
19,2020-05-11,Imperial,47,16,1
20,2020-05-18,Imperial,60,17,10
21,2020-05-25,Imperial,73,17,11
22,2020-06-01,Imperial,69,23,9
23,2020-06-08,Imperial,68,20,8
24,2020-06-15,Imperial,85,18,6
25,2020-06-22,Imperial,79,19,2
26,2020-06-29,Imperial,95,17,0
27,2020-07-06,Imperial,70,16,5
28,2020-07-13,Imperial,89,20,18
29,2020-07-20,Imperial,81,22,7
30,2020-07-27,Imperial,95,23,3
31,2020-08-03,Imperial,81,27,2
32,2020-08-10,Imperial,56,25,2
33,2020-08-17,Imperial,39,13,7
34,2020-08-24,Imperial,36,13,14
35,2020-08-31,Imperial,33,9,4
36,2020-09-07,Imperial,27,8,15
37,2020-09-14,Imperial,29,10,6
38,2020-09-21,Imperial,20,6,6
39,2020-09-28,Imperial,23,9,7
40,2020-10-05,Imperial,22,8,4
41,2020-10-12,Imperial,27,10,2
42,2020-10-19,Imperial,31,12,0
43,2020-10-26,Imperial,41,15,3
44,2020-11-02,Imperial,43,17,2
45,2020-11-09,Imperial,48,14,1
46,2020-11-16,Imperial,49,16,2
47,2020-11-23,Imperial,64,19,1
48,2020-11-30,Imperial,51,15,4
13,2020-03-30,Inyo,0,0,0
14,2020-04-06,Inyo,0,0,0
15,2020-04-13,Inyo,9,1,3
16,2020-04-20,Inyo,10,1,3
17,2020-04-27,Inyo,1,1,4
18,2020-05-04,Inyo,0,0,6
19,2020-05-11,Inyo,0,0,4
20,2020-05-18,Inyo,1,0,3
21,2020-05-25,Inyo,0,0,4
22,2020-06-01,Inyo,0,0,4
23,2020-06-08,Inyo,0,0,4
24,2020-06-15,Inyo,1,0,4
25,2020-06-22,Inyo,0,0,2
26,2020-06-29,Inyo,0,0,3
27,2020-07-06,Inyo,0,0,2
28,2020-07-13,Inyo,0,0,3
29,2020-07-20,Inyo,0,0,4
30,2020-07-27,Inyo,0,0,2
31,2020-08-03,Inyo,1,0,4
32,2020-08-10,Inyo,3,0,4
33,2020-08-17,Inyo,2,0,3
34,2020-08-24,Inyo,4,0,4
35,2020-08-31,Inyo,0,0,4
36,2020-09-07,Inyo,0,0,4
37,2020-09-14,Inyo,0,0,4
38,2020-09-21,Inyo,1,0,4
39,2020-09-28,Inyo,0,0,4
40,2020-10-05,Inyo,0,0,4
41,2020-10-12,Inyo,1,0,4
42,2020-10-19,Inyo,1,0,2
43,2020-10-26,Inyo,1,0,4
44,2020-11-02,Inyo,0,0,4
45,2020-11-09,Inyo,0,0,4
46,2020-11-16,Inyo,0,0,4
47,2020-11-23,Inyo,0,0,3
48,2020-11-30,Inyo,1,1,3
13,2020-03-30,Kern,16,8,39
14,2020-04-06,Kern,18,6,51
15,2020-04-13,Kern,24,12,39
16,2020-04-20,Kern,39,18,49
17,2020-04-27,Kern,34,13,51
18,2020-05-04,Kern,31,23,53
19,2020-05-11,Kern,36,21,74
20,2020-05-18,Kern,39,27,77
21,2020-05-25,Kern,36,18,72
22,2020-06-01,Kern,51,25,77
23,2020-06-08,Kern,63,30,69
24,2020-06-15,Kern,87,29,81
25,2020-06-22,Kern,90,38,78
26,2020-06-29,Kern,115,44,89
27,2020-07-06,Kern,151,53,74
28,2020-07-13,Kern,211,60,85
29,2020-07-20,Kern,240,62,71
30,2020-07-27,Kern,277,65,91
31,2020-08-03,Kern,255,69,51
32,2020-08-10,Kern,222,80,43
33,2020-08-17,Kern,202,71,35
34,2020-08-24,Kern,170,70,31
35,2020-08-31,Kern,154,56,40
36,2020-09-07,Kern,122,42,46
37,2020-09-14,Kern,84,26,51
38,2020-09-21,Kern,76,20,55
39,2020-09-28,Kern,69,22,56
40,2020-10-05,Kern,71,14,68
41,2020-10-12,Kern,66,16,67
42,2020-10-19,Kern,53,13,63
43,2020-10-26,Kern,56,18,52
44,2020-11-02,Kern,47,18,63
45,2020-11-09,Kern,46,22,56
46,2020-11-16,Kern,65,17,57
47,2020-11-23,Kern,86,19,46
48,2020-11-30,Kern,132,24,43
13,2020-03-30,Kings,2,1,2
14,2020-04-06,Kings,2,1,0
15,2020-04-13,Kings,3,2,3
16,2020-04-20,Kings,0,0,0
17,2020-04-27,Kings,8,3,3
18,2020-05-04,Kings,9,2,5
19,2020-05-11,Kings,9,2,4
20,2020-05-18,Kings,13,4,4
21,2020-05-25,Kings,21,5,2
22,2020-06-01,Kings,26,8,3
23,2020-06-08,Kings,26,8,2
24,2020-06-15,Kings,24,8,2
25,2020-06-22,Kings,38,10,2
26,2020-06-29,Kings,47,8,1
27,2020-07-06,Kings,55,6,2
28,2020-07-13,Kings,49,7,0
29,2020-07-20,Kings,62,6,0
30,2020-07-27,Kings,75,6,3
31,2020-08-03,Kings,85,10,0
32,2020-08-10,Kings,71,6,4
33,2020-08-17,Kings,58,4,13
34,2020-08-24,Kings,44,6,10
35,2020-08-31,Kings,33,4,10
36,2020-09-07,Kings,39,9,2
37,2020-09-14,Kings,32,3,9
38,2020-09-21,Kings,26,3,9
39,2020-09-28,Kings,21,2,9
40,2020-10-05,Kings,16,1,14
41,2020-10-12,Kings,15,1,16
42,2020-10-19,Kings,19,2,14
43,2020-10-26,Kings,20,1,17
44,2020-11-02,Kings,22,2,15
45,2020-11-09,Kings,11,3,13
46,2020-11-16,Kings,18,4,16
47,2020-11-23,Kings,33,4,12
48,2020-11-30,Kings,43,7,11
13,2020-03-30,Lake,0,0,2
14,2020-04-06,Lake,0,0,3
15,2020-04-13,Lake,0,0,1
16,2020-04-20,Lake,0,0,3
17,2020-04-27,Lake,0,0,0
18,2020-05-04,Lake,0,0,5
19,2020-05-11,Lake,0,0,4
20,2020-05-18,Lake,0,0,5
21,2020-05-25,Lake,0,0,3
22,2020-06-01,Lake,0,0,2
23,2020-06-08,Lake,1,0,2
24,2020-06-15,Lake,0,0,4
25,2020-06-22,Lake,0,0,0
26,2020-06-29,Lake,0,0,2
27,2020-07-06,Lake,2,2,1
28,2020-07-13,Lake,3,0,2
29,2020-07-20,Lake,4,1,1
30,2020-07-27,Lake,0,0,3
31,2020-08-03,Lake,1,0,4
32,2020-08-10,Lake,0,0,8
33,2020-08-17,Lake,0,0,6
34,2020-08-24,Lake,0,0,1
35,2020-08-31,Lake,0,0,6
36,2020-09-07,Lake,0,0,6
37,2020-09-14,Lake,0,0,3
38,2020-09-21,Lake,0,0,4
39,2020-09-28,Lake,0,0,5
40,2020-10-05,Lake,1,0,2
41,2020-10-12,Lake,0,0,1
42,2020-10-19,Lake,2,1,4
43,2020-10-26,Lake,2,1,2
44,2020-11-02,Lake,2,2,2
45,2020-11-09,Lake,2,1,1
46,2020-11-16,Lake,1,1,2
47,2020-11-23,Lake,1,1,2
48,2020-11-30,Lake,1,1,2
13,2020-03-30,Lassen,0,0,0
14,2020-04-06,Lassen,0,0,0
15,2020-04-13,Lassen,0,0,0
16,2020-04-20,Lassen,0,0,0
17,2020-04-27,Lassen,0,0,0
18,2020-05-04,Lassen,0,0,0
19,2020-05-11,Lassen,0,0,0
20,2020-05-18,Lassen,0,0,0
21,2020-05-25,Lassen,0,0,0
22,2020-06-01,Lassen,0,0,0
23,2020-06-08,Lassen,0,0,0
24,2020-06-15,Lassen,0,0,0
25,2020-06-22,Lassen,0,0,0
26,2020-06-29,Lassen,0,0,0
27,2020-07-06,Lassen,0,0,0
28,2020-07-13,Lassen,1,0,0
29,2020-07-20,Lassen,0,0,0
30,2020-07-27,Lassen,0,0,0
31,2020-08-03,Lassen,0,0,0
32,2020-08-10,Lassen,0,0,0
33,2020-08-17,Lassen,0,0,0
34,2020-08-24,Lassen,0,0,0
35,2020-08-31,Lassen,0,0,0
36,2020-09-07,Lassen,0,0,0
37,2020-09-14,Lassen,0,0,0
38,2020-09-21,Lassen,0,0,0
39,2020-09-28,Lassen,0,0,0
40,2020-10-05,Lassen,0,0,0
41,2020-10-12,Lassen,0,0,0
42,2020-10-19,Lassen,0,0,0
43,2020-10-26,Lassen,0,0,0
44,2020-11-02,Lassen,0,0,0
45,2020-11-09,Lassen,0,0,0
46,2020-11-16,Lassen,1,0,0
47,2020-11-23,Lassen,1,0,0
48,2020-11-30,Lassen,4,0,0
13,2020-03-30,Los Angeles,489,191,345
14,2020-04-06,Los Angeles,601,245,456
15,2020-04-13,Los Angeles,1166,486,587
16,2020-04-20,Los Angeles,1501,570,632
17,2020-04-27,Los Angeles,1791,625,607
18,2020-05-04,Los Angeles,1940,592,1226
19,2020-05-11,Los Angeles,1828,581,1166
20,2020-05-18,Los Angeles,1763,498,1242
21,2020-05-25,Los Angeles,1531,483,1221
22,2020-06-01,Los Angeles,1477,465,1453
23,2020-06-08,Los Angeles,1422,425,1305
24,2020-06-15,Los Angeles,1458,426,1301
25,2020-06-22,Los Angeles,1420,404,1333
26,2020-06-29,Los Angeles,1556,406,1398
27,2020-07-06,Los Angeles,1889,504,1239
28,2020-07-13,Los Angeles,2004,529,1334
29,2020-07-20,Los Angeles,2193,576,1367
30,2020-07-27,Los Angeles,2207,594,1412
31,2020-08-03,Los Angeles,2045,576,901
32,2020-08-10,Los Angeles,1768,537,915
33,2020-08-17,Los Angeles,1538,493,850
34,2020-08-24,Los Angeles,1378,435,854
35,2020-08-31,Los Angeles,1186,373,917
36,2020-09-07,Los Angeles,1048,321,954
37,2020-09-14,Los Angeles,936,308,954
38,2020-09-21,Los Angeles,804,244,1023
39,2020-09-28,Los Angeles,779,222,988
40,2020-10-05,Los Angeles,734,207,1043
41,2020-10-12,Los Angeles,696,195,1040
42,2020-10-19,Los Angeles,720,197,1025
43,2020-10-26,Los Angeles,758,216,1006
44,2020-11-02,Los Angeles,755,214,814
45,2020-11-09,Los Angeles,817,238,807
46,2020-11-16,Los Angeles,903,249,778
47,2020-11-23,Los Angeles,1188,323,700
48,2020-11-30,Los Angeles,1682,422,689
13,2020-03-30,Madera,1,1,8
14,2020-04-06,Madera,1,1,4
15,2020-04-13,Madera,0,0,8
16,2020-04-20,Madera,0,0,8
17,2020-04-27,Madera,0,0,7
18,2020-05-04,Madera,0,0,10
19,2020-05-11,Madera,1,0,22
20,2020-05-18,Madera,1,0,27
21,2020-05-25,Madera,0,0,4
22,2020-06-01,Madera,1,0,24
23,2020-06-08,Madera,2,1,22
24,2020-06-15,Madera,5,1,20
25,2020-06-22,Madera,5,2,7
26,2020-06-29,Madera,6,2,15
27,2020-07-06,Madera,9,0,16
28,2020-07-13,Madera,26,4,22
29,2020-07-20,Madera,31,3,11
30,2020-07-27,Madera,32,10,18
31,2020-08-03,Madera,55,10,15
32,2020-08-10,Madera,46,13,2
33,2020-08-17,Madera,38,9,5
34,2020-08-24,Madera,25,6,7
35,2020-08-31,Madera,24,7,8
36,2020-09-07,Madera,29,11,5
37,2020-09-14,Madera,25,9,2
38,2020-09-21,Madera,21,6,5
39,2020-09-28,Madera,13,5,7
40,2020-10-05,Madera,12,2,18
41,2020-10-12,Madera,8,1,25
42,2020-10-19,Madera,8,1,20
43,2020-10-26,Madera,8,1,22
44,2020-11-02,Madera,11,3,20
45,2020-11-09,Madera,8,3,21
46,2020-11-16,Madera,7,1,7
47,2020-11-23,Madera,11,3,14
48,2020-11-30,Madera,21,5,4
13,2020-03-30,Marin,7,2,11
14,2020-04-06,Marin,10,4,16
15,2020-04-13,Marin,8,4,13
16,2020-04-20,Marin,2,2,12
17,2020-04-27,Marin,6,2,11
18,2020-05-04,Marin,2,1,26
19,2020-05-11,Marin,1,0,21
20,2020-05-18,Marin,3,0,12
21,2020-05-25,Marin,4,0,17
22,2020-06-01,Marin,3,1,9
23,2020-06-08,Marin,2,0,22
24,2020-06-15,Marin,2,2,16
25,2020-06-22,Marin,6,1,15
26,2020-06-29,Marin,11,4,14
27,2020-07-06,Marin,25,8,8
28,2020-07-13,Marin,34,7,9
29,2020-07-20,Marin,29,8,27
30,2020-07-27,Marin,29,10,20
31,2020-08-03,Marin,22,7,11
32,2020-08-10,Marin,23,5,12
33,2020-08-17,Marin,18,3,10
34,2020-08-24,Marin,13,6,8
35,2020-08-31,Marin,13,5,4
36,2020-09-07,Marin,14,3,11
37,2020-09-14,Marin,14,5,9
38,2020-09-21,Marin,10,3,9
39,2020-09-28,Marin,8,2,11
40,2020-10-05,Marin,8,3,12
41,2020-10-12,Marin,5,1,16
42,2020-10-19,Marin,5,0,14
43,2020-10-26,Marin,5,1,16
44,2020-11-02,Marin,5,0,19
45,2020-11-09,Marin,5,1,16
46,2020-11-16,Marin,7,3,11
47,2020-11-23,Marin,12,3,14
48,2020-11-30,Marin,8,4,19
14,2020-04-06,Mariposa,0,0,0
15,2020-04-13,Mariposa,0,0,0
16,2020-04-20,Mariposa,0,0,0
17,2020-04-27,Mariposa,0,0,0
18,2020-05-04,Mariposa,0,0,0
19,2020-05-11,Mariposa,0,0,0
20,2020-05-18,Mariposa,0,0,0
21,2020-05-25,Mariposa,0,0,0
22,2020-06-01,Mariposa,0,0,0
23,2020-06-08,Mariposa,0,0,0
24,2020-06-15,Mariposa,0,0,0
25,2020-06-22,Mariposa,0,0,0
26,2020-06-29,Mariposa,0,0,0
27,2020-07-06,Mariposa,0,0,0
28,2020-07-13,Mariposa,0,0,0
29,2020-07-20,Mariposa,0,0,0
30,2020-07-27,Mariposa,0,0,0
31,2020-08-03,Mariposa,0,0,0
32,2020-08-10,Mariposa,0,0,0
33,2020-08-17,Mariposa,0,0,0
34,2020-08-24,Mariposa,0,0,0
35,2020-08-31,Mariposa,0,0,0
36,2020-09-07,Mariposa,0,0,0
37,2020-09-14,Mariposa,0,0,0
38,2020-09-21,Mariposa,0,0,0
39,2020-09-28,Mariposa,0,0,0
40,2020-10-05,Mariposa,0,0,0
41,2020-10-12,Mariposa,0,0,0
42,2020-10-19,Mariposa,0,0,0
43,2020-10-26,Mariposa,0,0,0
44,2020-11-02,Mariposa,0,0,0
45,2020-11-09,Mariposa,0,0,0
46,2020-11-16,Mariposa,1,0,0
47,2020-11-23,Mariposa,1,0,0
48,2020-11-30,Mariposa,0,0,0
13,2020-03-30,Mendocino,1,0,1
14,2020-04-06,Mendocino,2,0,8
15,2020-04-13,Mendocino,0,0,10
16,2020-04-20,Mendocino,7,3,6
17,2020-04-27,Mendocino,0,0,7
18,2020-05-04,Mendocino,0,0,7
19,2020-05-11,Mendocino,0,0,5
20,2020-05-18,Mendocino,0,0,5
21,2020-05-25,Mendocino,1,1,4
22,2020-06-01,Mendocino,2,1,5
23,2020-06-08,Mendocino,0,1,2
24,2020-06-15,Mendocino,1,1,2
25,2020-06-22,Mendocino,0,0,5
26,2020-06-29,Mendocino,0,0,10
27,2020-07-06,Mendocino,0,0,3
28,2020-07-13,Mendocino,0,0,6
29,2020-07-20,Mendocino,0,0,11
30,2020-07-27,Mendocino,8,1,7
31,2020-08-03,Mendocino,6,1,0
32,2020-08-10,Mendocino,10,0,11
33,2020-08-17,Mendocino,15,2,8
34,2020-08-24,Mendocino,9,4,7
35,2020-08-31,Mendocino,2,1,8
36,2020-09-07,Mendocino,2,0,6
37,2020-09-14,Mendocino,4,2,2
38,2020-09-21,Mendocino,5,1,5
39,2020-09-28,Mendocino,5,2,8
40,2020-10-05,Mendocino,6,3,5
41,2020-10-12,Mendocino,5,3,4
42,2020-10-19,Mendocino,3,3,6
43,2020-10-26,Mendocino,1,1,5
44,2020-11-02,Mendocino,1,0,4
45,2020-11-09,Mendocino,1,1,5
46,2020-11-16,Mendocino,4,4,6
47,2020-11-23,Mendocino,6,2,3
48,2020-11-30,Mendocino,12,5,5
13,2020-03-30,Merced,1,0,3
14,2020-04-06,Merced,1,0,11
15,2020-04-13,Merced,4,0,4
16,2020-04-20,Merced,0,0,5
17,2020-04-27,Merced,0,0,6
18,2020-05-04,Merced,1,0,7
19,2020-05-11,Merced,6,4,6
20,2020-05-18,Merced,7,4,7
21,2020-05-25,Merced,6,5,7
22,2020-06-01,Merced,6,4,10
23,2020-06-08,Merced,5,3,5
24,2020-06-15,Merced,5,2,5
25,2020-06-22,Merced,3,2,5
26,2020-06-29,Merced,7,3,4
27,2020-07-06,Merced,16,6,3
28,2020-07-13,Merced,22,5,4
29,2020-07-20,Merced,33,4,3
30,2020-07-27,Merced,44,8,5
31,2020-08-03,Merced,64,13,4
32,2020-08-10,Merced,56,14,5
33,2020-08-17,Merced,50,15,3
34,2020-08-24,Merced,33,11,7
35,2020-08-31,Merced,29,12,2
36,2020-09-07,Merced,27,11,4
37,2020-09-14,Merced,22,9,5
38,2020-09-21,Merced,11,5,3
39,2020-09-28,Merced,11,6,11
40,2020-10-05,Merced,10,4,10
41,2020-10-12,Merced,5,2,14
42,2020-10-19,Merced,10,3,9
43,2020-10-26,Merced,6,3,6
44,2020-11-02,Merced,8,2,10
45,2020-11-09,Merced,8,2,14
46,2020-11-16,Merced,9,5,5
47,2020-11-23,Merced,20,7,9
48,2020-11-30,Merced,21,2,13
13,2020-03-30,Modoc,0,0,0
14,2020-04-06,Modoc,0,0,0
15,2020-04-13,Modoc,0,0,0
16,2020-04-20,Modoc,0,0,0
17,2020-04-27,Modoc,0,0,0
18,2020-05-04,Modoc,0,0,0
19,2020-05-11,Modoc,0,0,0
20,2020-05-18,Modoc,0,0,0
21,2020-05-25,Modoc,0,0,0
22,2020-06-01,Modoc,0,0,0
23,2020-06-08,Modoc,0,0,0
24,2020-06-15,Modoc,0,0,0
25,2020-06-22,Modoc,0,0,0
26,2020-06-29,Modoc,0,0,0
27,2020-07-06,Modoc,0,0,0
28,2020-07-13,Modoc,0,0,0
29,2020-07-20,Modoc,0,0,0
30,2020-07-27,Modoc,0,0,0
31,2020-08-03,Modoc,0,0,0
32,2020-08-10,Modoc,0,0,0
33,2020-08-17,Modoc,0,0,0
34,2020-08-24,Modoc,0,0,0
35,2020-08-31,Modoc,0,0,0
36,2020-09-07,Modoc,0,0,0
37,2020-09-14,Modoc,0,0,0
38,2020-09-21,Modoc,0,0,0
39,2020-09-28,Modoc,0,0,0
40,2020-10-05,Modoc,0,0,0
41,2020-10-12,Modoc,0,0,0
42,2020-10-19,Modoc,0,0,0
43,2020-10-26,Modoc,0,0,0
44,2020-11-02,Modoc,0,0,0
45,2020-11-09,Modoc,0,0,0
46,2020-11-16,Modoc,2,0,0
47,2020-11-23,Modoc,0,0,0
48,2020-11-30,Modoc,0,0,0
13,2020-03-30,Mono,0,0,2
14,2020-04-06,Mono,0,0,2
15,2020-04-13,Mono,20,0,2
16,2020-04-20,Mono,0,0,2
17,2020-04-27,Mono,0,0,2
18,2020-05-04,Mono,0,0,2
19,2020-05-11,Mono,0,0,1
20,2020-05-18,Mono,0,0,2
21,2020-05-25,Mono,0,0,2
22,2020-06-01,Mono,0,0,2
23,2020-06-08,Mono,0,0,2
24,2020-06-15,Mono,0,0,2
25,2020-06-22,Mono,0,0,2
26,2020-06-29,Mono,0,0,2
27,2020-07-06,Mono,0,0,2
28,2020-07-13,Mono,0,0,2
29,2020-07-20,Mono,0,0,1
30,2020-07-27,Mono,1,1,1
31,2020-08-03,Mono,2,1,1
32,2020-08-10,Mono,0,0,2
33,2020-08-17,Mono,1,1,1
34,2020-08-24,Mono,0,0,2
35,2020-08-31,Mono,0,0,2
36,2020-09-07,Mono,0,0,2
37,2020-09-14,Mono,0,0,2
38,2020-09-21,Mono,0,0,2
39,2020-09-28,Mono,0,0,2
40,2020-10-05,Mono,0,0,2
41,2020-10-12,Mono,0,0,2
42,2020-10-19,Mono,0,0,2
43,2020-10-26,Mono,0,0,2
44,2020-11-02,Mono,0,0,2
45,2020-11-09,Mono,0,0,2
46,2020-11-16,Mono,0,0,2
47,2020-11-23,Mono,0,0,2
48,2020-11-30,Mono,1,0,2
13,2020-03-30,Monterey,2,1,10
14,2020-04-06,Monterey,11,4,17
15,2020-04-13,Monterey,16,5,18
16,2020-04-20,Monterey,22,4,21
17,2020-04-27,Monterey,24,2,23
18,2020-05-04,Monterey,4,2,120
19,2020-05-11,Monterey,5,3,102
20,2020-05-18,Monterey,9,5,109
21,2020-05-25,Monterey,8,4,106
22,2020-06-01,Monterey,10,3,106
23,2020-06-08,Monterey,9,4,100
24,2020-06-15,Monterey,12,3,93
25,2020-06-22,Monterey,14,1,93
26,2020-06-29,Monterey,20,7,91
27,2020-07-06,Monterey,33,7,84
28,2020-07-13,Monterey,35,9,84
29,2020-07-20,Monterey,49,10,93
30,2020-07-27,Monterey,41,12,88
31,2020-08-03,Monterey,39,7,30
32,2020-08-10,Monterey,47,19,11
33,2020-08-17,Monterey,44,18,18
34,2020-08-24,Monterey,62,19,23
35,2020-08-31,Monterey,40,14,24
36,2020-09-07,Monterey,30,15,25
37,2020-09-14,Monterey,28,8,20
38,2020-09-21,Monterey,28,9,40
39,2020-09-28,Monterey,33,8,39
40,2020-10-05,Monterey,30,8,29
41,2020-10-12,Monterey,24,5,26
42,2020-10-19,Monterey,28,9,20
43,2020-10-26,Monterey,22,7,44
44,2020-11-02,Monterey,29,8,25
45,2020-11-09,Monterey,28,11,28
46,2020-11-16,Monterey,33,10,24
47,2020-11-23,Monterey,43,8,25
48,2020-11-30,Monterey,64,13,23
13,2020-03-30,Napa,0,0,5
14,2020-04-06,Napa,3,1,9
15,2020-04-13,Napa,0,0,15
16,2020-04-20,Napa,0,0,9
17,2020-04-27,Napa,1,1,8
18,2020-05-04,Napa,1,1,8
19,2020-05-11,Napa,0,0,5
20,2020-05-18,Napa,1,1,13
21,2020-05-25,Napa,1,1,10
22,2020-06-01,Napa,1,1,4
23,2020-06-08,Napa,0,0,6
24,2020-06-15,Napa,1,1,3
25,2020-06-22,Napa,5,1,5
26,2020-06-29,Napa,5,1,6
27,2020-07-06,Napa,7,6,0
28,2020-07-13,Napa,7,6,5
29,2020-07-20,Napa,9,6,4
30,2020-07-27,Napa,8,2,6
31,2020-08-03,Napa,11,4,13
32,2020-08-10,Napa,9,3,22
33,2020-08-17,Napa,8,5,18
34,2020-08-24,Napa,6,4,22
35,2020-08-31,Napa,5,1,13
36,2020-09-07,Napa,1,0,21
37,2020-09-14,Napa,5,1,19
38,2020-09-21,Napa,7,4,18
39,2020-09-28,Napa,2,1,23
40,2020-10-05,Napa,4,4,26
41,2020-10-12,Napa,6,2,14
42,2020-10-19,Napa,1,0,26
43,2020-10-26,Napa,3,0,24
44,2020-11-02,Napa,6,0,27
45,2020-11-09,Napa,3,1,27
46,2020-11-16,Napa,8,3,23
47,2020-11-23,Napa,7,2,25
48,2020-11-30,Napa,6,1,29
13,2020-03-30,Nevada,23,1,3
14,2020-04-06,Nevada,26,2,3
15,2020-04-13,Nevada,1,1,4
16,2020-04-20,Nevada,2,2,5
17,2020-04-27,Nevada,1,1,7
18,2020-05-04,Nevada,1,0,2
19,2020-05-11,Nevada,0,0,3
20,2020-05-18,Nevada,0,0,7
21,2020-05-25,Nevada,0,0,8
22,2020-06-01,Nevada,0,0,6
23,2020-06-08,Nevada,0,0,6
24,2020-06-15,Nevada,0,0,4
25,2020-06-22,Nevada,0,0,5
26,2020-06-29,Nevada,3,2,3
27,2020-07-06,Nevada,3,2,1
28,2020-07-13,Nevada,3,1,6
29,2020-07-20,Nevada,2,0,5
30,2020-07-27,Nevada,1,1,2
31,2020-08-03,Nevada,1,1,5
32,2020-08-10,Nevada,0,0,9
33,2020-08-17,Nevada,4,1,5
34,2020-08-24,Nevada,1,0,7
35,2020-08-31,Nevada,3,0,3
36,2020-09-07,Nevada,2,0,4
37,2020-09-14,Nevada,2,1,7
38,2020-09-21,Nevada,4,0,6
39,2020-09-28,Nevada,3,0,4
40,2020-10-05,Nevada,2,0,4
41,2020-10-12,Nevada,4,2,3
42,2020-10-19,Nevada,1,0,7
43,2020-10-26,Nevada,1,0,6
44,2020-11-02,Nevada,1,0,5
45,2020-11-09,Nevada,2,0,5
46,2020-11-16,Nevada,5,1,1
47,2020-11-23,Nevada,4,2,0
48,2020-11-30,Nevada,8,4,3
13,2020-03-30,Orange,74,31,131
14,2020-04-06,Orange,98,42,131
15,2020-04-13,Orange,145,73,134
16,2020-04-20,Orange,149,54,205
17,2020-04-27,Orange,172,73,184
18,2020-05-04,Orange,189,76,370
19,2020-05-11,Orange,214,71,349
20,2020-05-18,Orange,232,85,362
21,2020-05-25,Orange,263,111,387
22,2020-06-01,Orange,300,119,441
23,2020-06-08,Orange,292,121,430
24,2020-06-15,Orange,327,149,410
25,2020-06-22,Orange,346,138,417
26,2020-06-29,Orange,376,152,413
27,2020-07-06,Orange,510,176,410
28,2020-07-13,Orange,659,224,406
29,2020-07-20,Orange,712,237,425
30,2020-07-27,Orange,700,234,404
31,2020-08-03,Orange,640,203,383
32,2020-08-10,Orange,539,167,306
33,2020-08-17,Orange,441,141,272
34,2020-08-24,Orange,409,124,225
35,2020-08-31,Orange,385,113,242
36,2020-09-07,Orange,307,93,254
37,2020-09-14,Orange,242,70,222
38,2020-09-21,Orange,201,67,268
39,2020-09-28,Orange,170,55,250
40,2020-10-05,Orange,162,46,239
41,2020-10-12,Orange,176,63,210
42,2020-10-19,Orange,160,57,252
43,2020-10-26,Orange,168,63,256
44,2020-11-02,Orange,157,56,191
45,2020-11-09,Orange,177,60,197
46,2020-11-16,Orange,224,79,200
47,2020-11-23,Orange,270,79,204
48,2020-11-30,Orange,463,116,183
13,2020-03-30,Placer,18,4,10
14,2020-04-06,Placer,19,5,29
15,2020-04-13,Placer,20,10,24
16,2020-04-20,Placer,18,5,10
17,2020-04-27,Placer,8,2,15
18,2020-05-04,Placer,5,1,111
19,2020-05-11,Placer,11,1,88
20,2020-05-18,Placer,8,2,36
21,2020-05-25,Placer,1,0,40
22,2020-06-01,Placer,5,3,47
23,2020-06-08,Placer,9,2,38
24,2020-06-15,Placer,11,3,48
25,2020-06-22,Placer,7,3,48
26,2020-06-29,Placer,11,2,58
27,2020-07-06,Placer,13,4,33
28,2020-07-13,Placer,26,5,30
29,2020-07-20,Placer,40,8,25
30,2020-07-27,Placer,52,10,26
31,2020-08-03,Placer,57,15,27
32,2020-08-10,Placer,62,14,28
33,2020-08-17,Placer,65,13,29
34,2020-08-24,Placer,65,11,30
35,2020-08-31,Placer,44,15,27
36,2020-09-07,Placer,39,12,29
37,2020-09-14,Placer,37,10,29
38,2020-09-21,Placer,31,9,31
39,2020-09-28,Placer,30,10,30
40,2020-10-05,Placer,24,9,30
41,2020-10-12,Placer,20,4,30
42,2020-10-19,Placer,16,3,27
43,2020-10-26,Placer,19,3,34
44,2020-11-02,Placer,15,3,33
45,2020-11-09,Placer,30,5,29
46,2020-11-16,Placer,44,6,28
47,2020-11-23,Placer,68,9,22
48,2020-11-30,Placer,101,11,26
13,2020-03-30,Plumas,0,0,0
14,2020-04-06,Plumas,0,0,0
15,2020-04-13,Plumas,0,0,0
16,2020-04-20,Plumas,0,0,0
17,2020-04-27,Plumas,0,0,0
18,2020-05-04,Plumas,0,0,0
19,2020-05-11,Plumas,0,0,0
20,2020-05-18,Plumas,0,0,0
21,2020-05-25,Plumas,0,0,0
22,2020-06-01,Plumas,0,0,0
23,2020-06-08,Plumas,0,0,0
24,2020-06-15,Plumas,0,0,0
25,2020-06-22,Plumas,0,0,0
26,2020-06-29,Plumas,0,0,0
27,2020-07-06,Plumas,0,0,0
28,2020-07-13,Plumas,0,0,0
29,2020-07-20,Plumas,0,0,0
30,2020-07-27,Plumas,0,0,0
31,2020-08-03,Plumas,0,0,0
32,2020-08-10,Plumas,0,0,0
33,2020-08-17,Plumas,0,0,0
34,2020-08-24,Plumas,0,0,0
35,2020-08-31,Plumas,0,0,0
36,2020-09-07,Plumas,0,0,0
37,2020-09-14,Plumas,0,0,0
38,2020-09-21,Plumas,0,0,0
39,2020-09-28,Plumas,0,0,0
40,2020-10-05,Plumas,0,0,0
41,2020-10-12,Plumas,0,0,0
42,2020-10-19,Plumas,0,0,0
43,2020-10-26,Plumas,0,0,0
44,2020-11-02,Plumas,0,0,0
45,2020-11-09,Plumas,0,0,0
46,2020-11-16,Plumas,0,0,0
47,2020-11-23,Plumas,0,0,0
48,2020-11-30,Plumas,0,0,0
13,2020-03-30,Riverside,44,13,46
14,2020-04-06,Riverside,60,22,77
15,2020-04-13,Riverside,129,46,152
16,2020-04-20,Riverside,247,66,132
17,2020-04-27,Riverside,240,72,133
18,2020-05-04,Riverside,220,73,208
19,2020-05-11,Riverside,216,75,202
20,2020-05-18,Riverside,186,69,184
21,2020-05-25,Riverside,195,68,210
22,2020-06-01,Riverside,193,63,159
23,2020-06-08,Riverside,203,62,148
24,2020-06-15,Riverside,220,71,128
25,2020-06-22,Riverside,237,65,136
26,2020-06-29,Riverside,316,90,104
27,2020-07-06,Riverside,405,109,111
28,2020-07-13,Riverside,520,130,124
29,2020-07-20,Riverside,538,136,177
30,2020-07-27,Riverside,536,135,160
31,2020-08-03,Riverside,487,143,93
32,2020-08-10,Riverside,450,133,88
33,2020-08-17,Riverside,358,112,110
34,2020-08-24,Riverside,300,89,91
35,2020-08-31,Riverside,222,79,94
36,2020-09-07,Riverside,216,68,102
37,2020-09-14,Riverside,175,60,91
38,2020-09-21,Riverside,155,49,95
39,2020-09-28,Riverside,146,42,108
40,2020-10-05,Riverside,125,33,110
41,2020-10-12,Riverside,142,42,115
42,2020-10-19,Riverside,146,42,101
43,2020-10-26,Riverside,157,42,129
44,2020-11-02,Riverside,166,58,77
45,2020-11-09,Riverside,194,53,60
46,2020-11-16,Riverside,244,70,95
47,2020-11-23,Riverside,338,81,51
48,2020-11-30,Riverside,420,107,52
13,2020-03-30,Sacramento,36,12,50
14,2020-04-06,Sacramento,45,21,58
15,2020-04-13,Sacramento,77,26,75
16,2020-04-20,Sacramento,73,28,65
17,2020-04-27,Sacramento,69,33,62
18,2020-05-04,Sacramento,46,16,164
19,2020-05-11,Sacramento,27,16,131
20,2020-05-18,Sacramento,16,9,93
21,2020-05-25,Sacramento,13,4,113
22,2020-06-01,Sacramento,9,2,116
23,2020-06-08,Sacramento,14,8,103
24,2020-06-15,Sacramento,37,13,103
25,2020-06-22,Sacramento,33,15,104
26,2020-06-29,Sacramento,46,19,181
27,2020-07-06,Sacramento,98,28,80
28,2020-07-13,Sacramento,157,41,87
29,2020-07-20,Sacramento,176,61,66
30,2020-07-27,Sacramento,212,59,106
31,2020-08-03,Sacramento,253,81,101
32,2020-08-10,Sacramento,274,87,90
33,2020-08-17,Sacramento,265,81,93
34,2020-08-24,Sacramento,250,81,110
35,2020-08-31,Sacramento,221,64,111
36,2020-09-07,Sacramento,196,52,121
37,2020-09-14,Sacramento,141,51,104
38,2020-09-21,Sacramento,116,46,102
39,2020-09-28,Sacramento,132,48,95
40,2020-10-05,Sacramento,125,33,95
41,2020-10-12,Sacramento,96,29,109
42,2020-10-19,Sacramento,77,19,101
43,2020-10-26,Sacramento,80,23,114
44,2020-11-02,Sacramento,84,13,91
45,2020-11-09,Sacramento,86,22,100
46,2020-11-16,Sacramento,148,28,80
47,2020-11-23,Sacramento,191,48,83
48,2020-11-30,Sacramento,253,49,90
13,2020-03-30,San Benito,1,1,1
14,2020-04-06,San Benito,1,1,1
15,2020-04-13,San Benito,3,2,0
16,2020-04-20,San Benito,1,0,2
17,2020-04-27,San Benito,0,0,3
18,2020-05-04,San Benito,0,0,0
19,2020-05-11,San Benito,0,0,2
20,2020-05-18,San Benito,1,0,2
21,2020-05-25,San Benito,1,1,1
22,2020-06-01,San Benito,1,0,0
23,2020-06-08,San Benito,0,0,3
24,2020-06-15,San Benito,0,0,2
25,2020-06-22,San Benito,0,0,0
26,2020-06-29,San Benito,0,0,1
27,2020-07-06,San Benito,0,0,1
28,2020-07-13,San Benito,0,0,0
29,2020-07-20,San Benito,2,0,3
30,2020-07-27,San Benito,2,0,1
31,2020-08-03,San Benito,6,1,0
32,2020-08-10,San Benito,3,1,2
33,2020-08-17,San Benito,6,1,3
34,2020-08-24,San Benito,9,1,2
35,2020-08-31,San Benito,7,2,1
36,2020-09-07,San Benito,2,2,1
37,2020-09-14,San Benito,1,1,1
38,2020-09-21,San Benito,1,0,3
39,2020-09-28,San Benito,3,1,1
40,2020-10-05,San Benito,2,1,1
41,2020-10-12,San Benito,0,0,3
42,2020-10-19,San Benito,0,0,3
43,2020-10-26,San Benito,0,0,3
44,2020-11-02,San Benito,0,0,3
45,2020-11-09,San Benito,2,1,0
46,2020-11-16,San Benito,1,1,3
47,2020-11-23,San Benito,2,1,0
48,2020-11-30,San Benito,3,1,1
13,2020-03-30,San Bernardino,33,19,65
14,2020-04-06,San Bernardino,67,27,66
15,2020-04-13,San Bernardino,148,60,102
16,2020-04-20,San Bernardino,167,60,135
17,2020-04-27,San Bernardino,152,60,150
18,2020-05-04,San Bernardino,154,49,183
19,2020-05-11,San Bernardino,156,58,146
20,2020-05-18,San Bernardino,152,53,178
21,2020-05-25,San Bernardino,140,52,197
22,2020-06-01,San Bernardino,138,48,245
23,2020-06-08,San Bernardino,148,62,186
24,2020-06-15,San Bernardino,197,74,156
25,2020-06-22,San Bernardino,221,77,149
26,2020-06-29,San Bernardino,301,109,128
27,2020-07-06,San Bernardino,393,138,140
28,2020-07-13,San Bernardino,501,160,129
29,2020-07-20,San Bernardino,616,174,168
30,2020-07-27,San Bernardino,607,190,178
31,2020-08-03,San Bernardino,595,179,210
32,2020-08-10,San Bernardino,561,188,126
33,2020-08-17,San Bernardino,468,152,149
34,2020-08-24,San Bernardino,441,130,138
35,2020-08-31,San Bernardino,335,109,184
36,2020-09-07,San Bernardino,292,98,168
37,2020-09-14,San Bernardino,224,85,162
38,2020-09-21,San Bernardino,186,63,148
39,2020-09-28,San Bernardino,164,46,172
40,2020-10-05,San Bernardino,165,48,173
41,2020-10-12,San Bernardino,186,50,169
42,2020-10-19,San Bernardino,186,42,168
43,2020-10-26,San Bernardino,187,40,162
44,2020-11-02,San Bernardino,217,48,125
45,2020-11-09,San Bernardino,243,62,121
46,2020-11-16,San Bernardino,284,79,93
47,2020-11-23,San Bernardino,411,102,111
48,2020-11-30,San Bernardino,583,140,80
13,2020-03-30,San Diego,121,77,205
14,2020-04-06,San Diego,146,72,228
15,2020-04-13,San Diego,187,83,270
16,2020-04-20,San Diego,243,101,171
17,2020-04-27,San Diego,238,95,149
18,2020-05-04,San Diego,277,115,377
19,2020-05-11,San Diego,300,124,373
20,2020-05-18,San Diego,339,131,374
21,2020-05-25,San Diego,329,139,341
22,2020-06-01,San Diego,317,139,385
23,2020-06-08,San Diego,314,150,317
24,2020-06-15,San Diego,291,143,332
25,2020-06-22,San Diego,294,120,356
26,2020-06-29,San Diego,286,137,357
27,2020-07-06,San Diego,395,156,324
28,2020-07-13,San Diego,384,159,339
29,2020-07-20,San Diego,383,147,360
30,2020-07-27,San Diego,402,151,365
31,2020-08-03,San Diego,343,108,287
32,2020-08-10,San Diego,294,103,323
33,2020-08-17,San Diego,262,95,345
34,2020-08-24,San Diego,229,97,335
35,2020-08-31,San Diego,228,83,302
36,2020-09-07,San Diego,233,84,307
37,2020-09-14,San Diego,211,79,309
38,2020-09-21,San Diego,225,76,322
39,2020-09-28,San Diego,209,68,320
40,2020-10-05,San Diego,199,68,338
41,2020-10-12,San Diego,217,66,313
42,2020-10-19,San Diego,178,57,321
43,2020-10-26,San Diego,191,72,354
44,2020-11-02,San Diego,176,69,318
45,2020-11-09,San Diego,239,87,289
46,2020-11-16,San Diego,299,95,283
47,2020-11-23,San Diego,345,112,287
48,2020-11-30,San Diego,470,140,245
13,2020-03-30,San Francisco,50,24,61
14,2020-04-06,San Francisco,58,18,90
15,2020-04-13,San Francisco,80,34,71
16,2020-04-20,San Francisco,89,30,61
17,2020-04-27,San Francisco,79,27,73
18,2020-05-04,San Francisco,82,29,149
19,2020-05-11,San Francisco,84,26,118
20,2020-05-18,San Francisco,63,23,107
21,2020-05-25,San Francisco,46,22,115
22,2020-06-01,San Francisco,40,21,100
23,2020-06-08,San Francisco,45,18,85
24,2020-06-15,San Francisco,32,13,106
25,2020-06-22,San Francisco,37,10,94
26,2020-06-29,San Francisco,40,12,140
27,2020-07-06,San Francisco,63,22,120
28,2020-07-13,San Francisco,68,27,120
29,2020-07-20,San Francisco,89,32,126
30,2020-07-27,San Francisco,95,28,120
31,2020-08-03,San Francisco,101,34,95
32,2020-08-10,San Francisco,89,34,123
33,2020-08-17,San Francisco,84,28,76
34,2020-08-24,San Francisco,83,35,71
35,2020-08-31,San Francisco,95,35,75
36,2020-09-07,San Francisco,74,26,79
37,2020-09-14,San Francisco,63,26,63
38,2020-09-21,San Francisco,78,21,86
39,2020-09-28,San Francisco,68,18,75
40,2020-10-05,San Francisco,60,17,88
41,2020-10-12,San Francisco,50,16,86
42,2020-10-19,San Francisco,28,11,90
43,2020-10-26,San Francisco,25,8,78
44,2020-11-02,San Francisco,29,5,74
45,2020-11-09,San Francisco,36,11,84
46,2020-11-16,San Francisco,36,11,68
47,2020-11-23,San Francisco,38,8,86
48,2020-11-30,San Francisco,52,15,66
13,2020-03-30,San Joaquin,34,5,7
14,2020-04-06,San Joaquin,28,8,53
15,2020-04-13,San Joaquin,31,14,20
16,2020-04-20,San Joaquin,26,12,14
17,2020-04-27,San Joaquin,30,16,18
18,2020-05-04,San Joaquin,24,10,25
19,2020-05-11,San Joaquin,19,8,23
20,2020-05-18,San Joaquin,15,2,34
21,2020-05-25,San Joaquin,9,1,31
22,2020-06-01,San Joaquin,12,6,22
23,2020-06-08,San Joaquin,23,8,26
24,2020-06-15,San Joaquin,43,18,18
25,2020-06-22,San Joaquin,46,18,16
26,2020-06-29,San Joaquin,91,22,58
27,2020-07-06,San Joaquin,133,35,53
28,2020-07-13,San Joaquin,168,43,46
29,2020-07-20,San Joaquin,205,52,39
30,2020-07-27,San Joaquin,220,71,44
31,2020-08-03,San Joaquin,233,75,23
32,2020-08-10,San Joaquin,222,67,22
33,2020-08-17,San Joaquin,171,62,19
34,2020-08-24,San Joaquin,144,51,30
35,2020-08-31,San Joaquin,131,39,28
36,2020-09-07,San Joaquin,102,33,40
37,2020-09-14,San Joaquin,87,29,47
38,2020-09-21,San Joaquin,61,25,48
39,2020-09-28,San Joaquin,60,22,39
40,2020-10-05,San Joaquin,35,14,45
41,2020-10-12,San Joaquin,30,11,45
42,2020-10-19,San Joaquin,25,6,47
43,2020-10-26,San Joaquin,23,4,53
44,2020-11-02,San Joaquin,28,8,51
45,2020-11-09,San Joaquin,28,6,42
46,2020-11-16,San Joaquin,55,13,26
47,2020-11-23,San Joaquin,78,18,30
48,2020-11-30,San Joaquin,114,32,30
13,2020-03-30,San Luis Obispo,7,3,948
14,2020-04-06,San Luis Obispo,5,3,957
15,2020-04-13,San Luis Obispo,2,2,42
16,2020-04-20,San Luis Obispo,2,2,20
17,2020-04-27,San Luis Obispo,2,2,28
18,2020-05-04,San Luis Obispo,3,2,37
19,2020-05-11,San Luis Obispo,3,2,24
20,2020-05-18,San Luis Obispo,3,2,22
21,2020-05-25,San Luis Obispo,1,1,22
22,2020-06-01,San Luis Obispo,2,1,26
23,2020-06-08,San Luis Obispo,3,3,22
24,2020-06-15,San Luis Obispo,3,2,26
25,2020-06-22,San Luis Obispo,3,2,26
26,2020-06-29,San Luis Obispo,4,3,21
27,2020-07-06,San Luis Obispo,9,2,42
28,2020-07-13,San Luis Obispo,11,3,40
29,2020-07-20,San Luis Obispo,10,4,44
30,2020-07-27,San Luis Obispo,11,4,38
31,2020-08-03,San Luis Obispo,13,4,20
32,2020-08-10,San Luis Obispo,11,4,21
33,2020-08-17,San Luis Obispo,19,4,21
34,2020-08-24,San Luis Obispo,20,6,25
35,2020-08-31,San Luis Obispo,11,5,21
36,2020-09-07,San Luis Obispo,10,4,21
37,2020-09-14,San Luis Obispo,10,4,21
38,2020-09-21,San Luis Obispo,9,4,23
39,2020-09-28,San Luis Obispo,5,2,27
40,2020-10-05,San Luis Obispo,3,1,29
41,2020-10-12,San Luis Obispo,3,0,28
42,2020-10-19,San Luis Obispo,1,0,25
43,2020-10-26,San Luis Obispo,2,0,31
44,2020-11-02,San Luis Obispo,6,1,22
45,2020-11-09,San Luis Obispo,7,2,26
46,2020-11-16,San Luis Obispo,8,4,25
47,2020-11-23,San Luis Obispo,7,1,32
48,2020-11-30,San Luis Obispo,13,3,28
13,2020-03-30,San Mateo,46,16,28
14,2020-04-06,San Mateo,56,18,47
15,2020-04-13,San Mateo,68,25,36
16,2020-04-20,San Mateo,57,18,26
17,2020-04-27,San Mateo,56,18,19
18,2020-05-04,San Mateo,52,16,62
19,2020-05-11,San Mateo,45,13,54
20,2020-05-18,San Mateo,31,11,43
21,2020-05-25,San Mateo,41,10,41
22,2020-06-01,San Mateo,44,15,46
23,2020-06-08,San Mateo,40,11,42
24,2020-06-15,San Mateo,34,5,54
25,2020-06-22,San Mateo,17,6,50
26,2020-06-29,San Mateo,19,9,60
27,2020-07-06,San Mateo,33,15,55
28,2020-07-13,San Mateo,48,13,72
29,2020-07-20,San Mateo,56,11,59
30,2020-07-27,San Mateo,71,18,56
31,2020-08-03,San Mateo,71,17,24
32,2020-08-10,San Mateo,58,14,26
33,2020-08-17,San Mateo,41,10,30
34,2020-08-24,San Mateo,57,15,22
35,2020-08-31,San Mateo,61,13,22
36,2020-09-07,San Mateo,41,13,35
37,2020-09-14,San Mateo,39,10,21
38,2020-09-21,San Mateo,38,10,34
39,2020-09-28,San Mateo,35,11,35
40,2020-10-05,San Mateo,29,8,32
41,2020-10-12,San Mateo,26,8,29
42,2020-10-19,San Mateo,29,5,33
43,2020-10-26,San Mateo,23,7,40
44,2020-11-02,San Mateo,20,4,33
45,2020-11-09,San Mateo,17,3,41
46,2020-11-16,San Mateo,19,3,39
47,2020-11-23,San Mateo,22,6,40
48,2020-11-30,San Mateo,40,7,35
13,2020-03-30,Santa Barbara,15,9,47
14,2020-04-06,Santa Barbara,19,11,48
15,2020-04-13,Santa Barbara,34,19,54
16,2020-04-20,Santa Barbara,42,21,59
17,2020-04-27,Santa Barbara,30,20,61
18,2020-05-04,Santa Barbara,26,12,82
19,2020-05-11,Santa Barbara,29,15,97
20,2020-05-18,Santa Barbara,22,9,89
21,2020-05-25,Santa Barbara,25,11,70
22,2020-06-01,Santa Barbara,19,8,70
23,2020-06-08,Santa Barbara,25,7,80
24,2020-06-15,Santa Barbara,22,8,66
25,2020-06-22,Santa Barbara,42,9,63
26,2020-06-29,Santa Barbara,51,20,36
27,2020-07-06,Santa Barbara,62,19,79
28,2020-07-13,Santa Barbara,72,21,68
29,2020-07-20,Santa Barbara,81,27,60
30,2020-07-27,Santa Barbara,85,29,69
31,2020-08-03,Santa Barbara,79,24,59
32,2020-08-10,Santa Barbara,82,25,43
33,2020-08-17,Santa Barbara,79,31,46
34,2020-08-24,Santa Barbara,59,21,55
35,2020-08-31,Santa Barbara,54,23,45
36,2020-09-07,Santa Barbara,41,18,52
37,2020-09-14,Santa Barbara,39,13,64
38,2020-09-21,Santa Barbara,30,8,62
39,2020-09-28,Santa Barbara,26,4,60
40,2020-10-05,Santa Barbara,26,6,56
41,2020-10-12,Santa Barbara,19,6,62
42,2020-10-19,Santa Barbara,21,7,61
43,2020-10-26,Santa Barbara,18,4,58
44,2020-11-02,Santa Barbara,11,3,62
45,2020-11-09,Santa Barbara,13,2,64
46,2020-11-16,Santa Barbara,11,2,57
47,2020-11-23,Santa Barbara,19,3,62
48,2020-11-30,Santa Barbara,24,4,52
13,2020-03-30,Santa Clara,141,65,70
14,2020-04-06,Santa Clara,153,74,103
15,2020-04-13,Santa Clara,181,79,100
16,2020-04-20,Santa Clara,151,65,87
17,2020-04-27,Santa Clara,149,68,115
18,2020-05-04,Santa Clara,115,56,206
19,2020-05-11,Santa Clara,90,37,210
20,2020-05-18,Santa Clara,59,27,193
21,2020-05-25,Santa Clara,46,17,201
22,2020-06-01,Santa Clara,32,14,204
23,2020-06-08,Santa Clara,26,9,192
24,2020-06-15,Santa Clara,44,19,229
25,2020-06-22,Santa Clara,38,12,239
26,2020-06-29,Santa Clara,48,25,229
27,2020-07-06,Santa Clara,87,31,190
28,2020-07-13,Santa Clara,88,33,195
29,2020-07-20,Santa Clara,139,48,190
30,2020-07-27,Santa Clara,168,50,198
31,2020-08-03,Santa Clara,175,61,126
32,2020-08-10,Santa Clara,171,52,110
33,2020-08-17,Santa Clara,187,56,118
34,2020-08-24,Santa Clara,170,51,123
35,2020-08-31,Santa Clara,147,41,119
36,2020-09-07,Santa Clara,134,45,109
37,2020-09-14,Santa Clara,118,41,96
38,2020-09-21,Santa Clara,108,38,110
39,2020-09-28,Santa Clara,111,34,109
40,2020-10-05,Santa Clara,93,29,118
41,2020-10-12,Santa Clara,83,28,114
42,2020-10-19,Santa Clara,80,25,124
43,2020-10-26,Santa Clara,91,26,123
44,2020-11-02,Santa Clara,86,20,82
45,2020-11-09,Santa Clara,91,25,82
46,2020-11-16,Santa Clara,110,25,80
47,2020-11-23,Santa Clara,153,43,76
48,2020-11-30,Santa Clara,201,48,68
13,2020-03-30,Santa Cruz,0,0,0
14,2020-04-06,Santa Cruz,0,0,4
15,2020-04-13,Santa Cruz,5,4,5
16,2020-04-20,Santa Cruz,4,3,1
17,2020-04-27,Santa Cruz,3,1,11
18,2020-05-04,Santa Cruz,2,1,3
19,2020-05-11,Santa Cruz,3,0,15
20,2020-05-18,Santa Cruz,1,0,16
21,2020-05-25,Santa Cruz,2,0,15
22,2020-06-01,Santa Cruz,4,1,15
23,2020-06-08,Santa Cruz,3,2,18
24,2020-06-15,Santa Cruz,1,0,17
25,2020-06-22,Santa Cruz,2,0,8
26,2020-06-29,Santa Cruz,6,2,13
27,2020-07-06,Santa Cruz,10,1,12
28,2020-07-13,Santa Cruz,11,2,29
29,2020-07-20,Santa Cruz,16,2,37
30,2020-07-27,Santa Cruz,12,4,28
31,2020-08-03,Santa Cruz,14,4,17
32,2020-08-10,Santa Cruz,15,3,11
33,2020-08-17,Santa Cruz,14,5,12
34,2020-08-24,Santa Cruz,12,3,14
35,2020-08-31,Santa Cruz,11,1,9
36,2020-09-07,Santa Cruz,9,2,9
37,2020-09-14,Santa Cruz,10,3,8
38,2020-09-21,Santa Cruz,18,2,9
39,2020-09-28,Santa Cruz,15,2,10
40,2020-10-05,Santa Cruz,25,5,16
41,2020-10-12,Santa Cruz,14,4,14
42,2020-10-19,Santa Cruz,20,5,16
43,2020-10-26,Santa Cruz,9,5,14
44,2020-11-02,Santa Cruz,10,3,7
45,2020-11-09,Santa Cruz,12,2,7
46,2020-11-16,Santa Cruz,8,3,7
47,2020-11-23,Santa Cruz,14,4,4
48,2020-11-30,Santa Cruz,27,8,1
13,2020-03-30,Shasta,0,0,0
14,2020-04-06,Shasta,1,0,13
15,2020-04-13,Shasta,6,2,28
16,2020-04-20,Shasta,3,2,6
17,2020-04-27,Shasta,1,1,16
18,2020-05-04,Shasta,1,1,12
19,2020-05-11,Shasta,0,0,12
20,2020-05-18,Shasta,0,0,9
21,2020-05-25,Shasta,0,0,5
22,2020-06-01,Shasta,0,0,16
23,2020-06-08,Shasta,1,1,8
24,2020-06-15,Shasta,1,0,9
25,2020-06-22,Shasta,0,0,9
26,2020-06-29,Shasta,2,1,4
27,2020-07-06,Shasta,9,1,7
28,2020-07-13,Shasta,5,3,9
29,2020-07-20,Shasta,3,2,4
30,2020-07-27,Shasta,4,2,2
31,2020-08-03,Shasta,8,1,4
32,2020-08-10,Shasta,7,3,8
33,2020-08-17,Shasta,3,1,9
34,2020-08-24,Shasta,8,4,6
35,2020-08-31,Shasta,7,3,5
36,2020-09-07,Shasta,2,1,7
37,2020-09-14,Shasta,2,1,5
38,2020-09-21,Shasta,2,0,5
39,2020-09-28,Shasta,2,0,10
40,2020-10-05,Shasta,6,1,13
41,2020-10-12,Shasta,10,0,9
42,2020-10-19,Shasta,7,0,4
43,2020-10-26,Shasta,8,1,7
44,2020-11-02,Shasta,11,3,2
45,2020-11-09,Shasta,9,4,2
46,2020-11-16,Shasta,24,3,3
47,2020-11-23,Shasta,26,4,4
48,2020-11-30,Shasta,48,7,5
13,2020-03-30,Siskiyou,0,0,2
14,2020-04-06,Siskiyou,0,0,3
15,2020-04-13,Siskiyou,0,0,5
16,2020-04-20,Siskiyou,0,0,3
17,2020-04-27,Siskiyou,0,0,5
18,2020-05-04,Siskiyou,0,0,3
19,2020-05-11,Siskiyou,0,0,6
20,2020-05-18,Siskiyou,0,0,5
21,2020-05-25,Siskiyou,0,0,4
22,2020-06-01,Siskiyou,0,0,5
23,2020-06-08,Siskiyou,0,0,5
24,2020-06-15,Siskiyou,0,0,6
25,2020-06-22,Siskiyou,0,0,0
26,2020-06-29,Siskiyou,1,1,4
27,2020-07-06,Siskiyou,0,0,4
28,2020-07-13,Siskiyou,0,0,4
29,2020-07-20,Siskiyou,2,0,8
30,2020-07-27,Siskiyou,2,0,5
31,2020-08-03,Siskiyou,1,1,4
32,2020-08-10,Siskiyou,1,1,5
33,2020-08-17,Siskiyou,0,0,6
34,2020-08-24,Siskiyou,0,0,2
35,2020-08-31,Siskiyou,0,0,4
36,2020-09-07,Siskiyou,0,0,4
37,2020-09-14,Siskiyou,0,0,7
38,2020-09-21,Siskiyou,0,0,8
39,2020-09-28,Siskiyou,0,0,8
40,2020-10-05,Siskiyou,0,0,7
41,2020-10-12,Siskiyou,0,0,8
42,2020-10-19,Siskiyou,0,0,9
43,2020-10-26,Siskiyou,0,0,7
44,2020-11-02,Siskiyou,3,1,10
45,2020-11-09,Siskiyou,2,1,7
46,2020-11-16,Siskiyou,4,0,8
47,2020-11-23,Siskiyou,6,2,9
48,2020-11-30,Siskiyou,8,1,9
13,2020-03-30,Solano,7,4,28
14,2020-04-06,Solano,15,6,47
15,2020-04-13,Solano,15,6,28
16,2020-04-20,Solano,13,7,27
17,2020-04-27,Solano,10,6,36
18,2020-05-04,Solano,8,4,60
19,2020-05-11,Solano,15,8,57
20,2020-05-18,Solano,13,10,45
21,2020-05-25,Solano,16,9,42
22,2020-06-01,Solano,21,11,44
23,2020-06-08,Solano,20,5,41
24,2020-06-15,Solano,13,3,47
25,2020-06-22,Solano,16,6,44
26,2020-06-29,Solano,19,7,46
27,2020-07-06,Solano,39,8,42
28,2020-07-13,Solano,38,15,35
29,2020-07-20,Solano,48,12,37
30,2020-07-27,Solano,52,17,43
31,2020-08-03,Solano,46,16,8
32,2020-08-10,Solano,44,17,6
33,2020-08-17,Solano,38,18,5
34,2020-08-24,Solano,39,19,6
35,2020-08-31,Solano,39,12,7
36,2020-09-07,Solano,32,8,6
37,2020-09-14,Solano,27,8,10
38,2020-09-21,Solano,36,8,10
39,2020-09-28,Solano,21,4,11
40,2020-10-05,Solano,19,2,7
41,2020-10-12,Solano,20,4,9
42,2020-10-19,Solano,29,6,6
43,2020-10-26,Solano,22,4,6
44,2020-11-02,Solano,29,4,8
45,2020-11-09,Solano,27,3,7
46,2020-11-16,Solano,33,10,18
47,2020-11-23,Solano,41,12,7
48,2020-11-30,Solano,61,14,12
13,2020-03-30,Sonoma,7,2,12
14,2020-04-06,Sonoma,7,3,29
15,2020-04-13,Sonoma,6,2,20
16,2020-04-20,Sonoma,3,1,31
17,2020-04-27,Sonoma,2,0,29
18,2020-05-04,Sonoma,2,0,63
19,2020-05-11,Sonoma,3,1,57
20,2020-05-18,Sonoma,5,2,50
21,2020-05-25,Sonoma,3,2,53
22,2020-06-01,Sonoma,5,3,46
23,2020-06-08,Sonoma,5,2,50
24,2020-06-15,Sonoma,5,3,47
25,2020-06-22,Sonoma,6,3,46
26,2020-06-29,Sonoma,6,4,58
27,2020-07-06,Sonoma,11,7,50
28,2020-07-13,Sonoma,22,8,48
29,2020-07-20,Sonoma,27,7,40
30,2020-07-27,Sonoma,41,14,31
31,2020-08-03,Sonoma,42,10,3
32,2020-08-10,Sonoma,41,13,7
33,2020-08-17,Sonoma,35,10,3
34,2020-08-24,Sonoma,44,12,5
35,2020-08-31,Sonoma,42,9,5
36,2020-09-07,Sonoma,31,9,12
37,2020-09-14,Sonoma,38,10,5
38,2020-09-21,Sonoma,34,8,8
39,2020-09-28,Sonoma,15,3,11
40,2020-10-05,Sonoma,20,7,4
41,2020-10-12,Sonoma,28,11,4
42,2020-10-19,Sonoma,23,6,7
43,2020-10-26,Sonoma,20,4,7
44,2020-11-02,Sonoma,30,5,9
45,2020-11-09,Sonoma,23,4,8
46,2020-11-16,Sonoma,22,5,4
47,2020-11-23,Sonoma,17,8,4
48,2020-11-30,Sonoma,29,5,8
13,2020-03-30,Stanislaus,20,9,25
14,2020-04-06,Stanislaus,17,9,29
15,2020-04-13,Stanislaus,28,12,37
16,2020-04-20,Stanislaus,21,9,45
17,2020-04-27,Stanislaus,13,5,34
18,2020-05-04,Stanislaus,30,8,90
19,2020-05-11,Stanislaus,34,2,90
20,2020-05-18,Stanislaus,21,2,74
21,2020-05-25,Stanislaus,18,1,77
22,2020-06-01,Stanislaus,18,6,79
23,2020-06-08,Stanislaus,22,7,79
24,2020-06-15,Stanislaus,26,10,78
25,2020-06-22,Stanislaus,43,15,88
26,2020-06-29,Stanislaus,73,26,86
27,2020-07-06,Stanislaus,113,35,74
28,2020-07-13,Stanislaus,160,41,99
29,2020-07-20,Stanislaus,182,41,74
30,2020-07-27,Stanislaus,210,55,65
31,2020-08-03,Stanislaus,204,50,26
32,2020-08-10,Stanislaus,215,48,38
33,2020-08-17,Stanislaus,205,55,19
34,2020-08-24,Stanislaus,196,59,13
35,2020-08-31,Stanislaus,161,41,16
36,2020-09-07,Stanislaus,143,38,26
37,2020-09-14,Stanislaus,142,38,12
38,2020-09-21,Stanislaus,113,34,22
39,2020-09-28,Stanislaus,93,29,27
40,2020-10-05,Stanislaus,54,21,29
41,2020-10-12,Stanislaus,53,21,37
42,2020-10-19,Stanislaus,54,18,40
43,2020-10-26,Stanislaus,59,14,25
44,2020-11-02,Stanislaus,54,13,26
45,2020-11-09,Stanislaus,74,15,23
46,2020-11-16,Stanislaus,62,15,19
47,2020-11-23,Stanislaus,102,17,17
48,2020-11-30,Stanislaus,156,25,17
13,2020-03-30,Sutter,0,0,0
14,2020-04-06,Sutter,0,0,0
15,2020-04-13,Sutter,0,0,0
16,2020-04-20,Sutter,0,0,0
17,2020-04-27,Sutter,0,0,0
18,2020-05-04,Sutter,0,0,0
19,2020-05-11,Sutter,0,0,0
20,2020-05-18,Sutter,0,0,0
21,2020-05-25,Sutter,0,0,0
22,2020-06-01,Sutter,0,0,0
23,2020-06-08,Sutter,0,0,0
24,2020-06-15,Sutter,0,0,0
25,2020-06-22,Sutter,0,0,0
26,2020-06-29,Sutter,0,0,0
27,2020-07-06,Sutter,0,0,0
28,2020-07-13,Sutter,0,0,0
29,2020-07-20,Sutter,0,0,0
30,2020-07-27,Sutter,0,0,0
31,2020-08-03,Sutter,0,0,0
32,2020-08-10,Sutter,0,0,0
33,2020-08-17,Sutter,0,0,0
34,2020-08-24,Sutter,0,0,0
35,2020-08-31,Sutter,0,0,0
36,2020-09-07,Sutter,0,0,0
37,2020-09-14,Sutter,0,0,0
38,2020-09-21,Sutter,0,0,0
39,2020-09-28,Sutter,0,0,0
40,2020-10-05,Sutter,0,0,0
41,2020-10-12,Sutter,0,0,0
42,2020-10-19,Sutter,0,0,0
43,2020-10-26,Sutter,0,0,0
44,2020-11-02,Sutter,0,0,0
45,2020-11-09,Sutter,0,0,0
46,2020-11-16,Sutter,0,0,0
47,2020-11-23,Sutter,0,0,0
48,2020-11-30,Sutter,0,0,0
13,2020-03-30,Tehama,0,0,2
14,2020-04-06,Tehama,0,0,2
15,2020-04-13,Tehama,0,0,4
16,2020-04-20,Tehama,0,0,6
17,2020-04-27,Tehama,0,0,6
18,2020-05-04,Tehama,0,0,3
19,2020-05-11,Tehama,0,0,6
20,2020-05-18,Tehama,0,0,6
21,2020-05-25,Tehama,0,0,3
22,2020-06-01,Tehama,0,0,3
23,2020-06-08,Tehama,0,0,3
24,2020-06-15,Tehama,0,0,5
25,2020-06-22,Tehama,0,0,7
26,2020-06-29,Tehama,0,0,4
27,2020-07-06,Tehama,0,0,1
28,2020-07-13,Tehama,0,0,1
29,2020-07-20,Tehama,1,1,1
30,2020-07-27,Tehama,0,0,5
31,2020-08-03,Tehama,0,0,5
32,2020-08-10,Tehama,0,0,5
33,2020-08-17,Tehama,2,2,1
34,2020-08-24,Tehama,1,1,7
35,2020-08-31,Tehama,0,0,4
36,2020-09-07,Tehama,1,0,6
37,2020-09-14,Tehama,1,1,5
38,2020-09-21,Tehama,2,1,4
39,2020-09-28,Tehama,3,0,2
40,2020-10-05,Tehama,5,1,1
41,2020-10-12,Tehama,5,0,0
42,2020-10-19,Tehama,2,1,2
43,2020-10-26,Tehama,6,2,2
44,2020-11-02,Tehama,6,2,0
45,2020-11-09,Tehama,3,0,2
46,2020-11-16,Tehama,3,0,2
47,2020-11-23,Tehama,7,2,2
48,2020-11-30,Tehama,8,4,0
13,2020-03-30,Trinity,0,0,0
14,2020-04-06,Trinity,0,0,0
15,2020-04-13,Trinity,0,0,0
16,2020-04-20,Trinity,0,0,0
17,2020-04-27,Trinity,0,0,0
18,2020-05-04,Trinity,0,0,0
19,2020-05-11,Trinity,0,0,0
20,2020-05-18,Trinity,0,0,0
21,2020-05-25,Trinity,0,0,0
22,2020-06-01,Trinity,0,0,0
23,2020-06-08,Trinity,0,0,0
24,2020-06-15,Trinity,0,0,0
25,2020-06-22,Trinity,0,0,0
26,2020-06-29,Trinity,0,0,0
27,2020-07-06,Trinity,0,0,0
28,2020-07-13,Trinity,0,0,0
29,2020-07-20,Trinity,0,0,0
30,2020-07-27,Trinity,0,0,0
31,2020-08-03,Trinity,0,0,0
32,2020-08-10,Trinity,0,0,0
33,2020-08-17,Trinity,0,0,0
34,2020-08-24,Trinity,0,0,0
35,2020-08-31,Trinity,0,0,0
36,2020-09-07,Trinity,0,0,0
37,2020-09-14,Trinity,0,0,0
38,2020-09-21,Trinity,0,0,0
39,2020-09-28,Trinity,0,0,0
40,2020-10-05,Trinity,0,0,0
41,2020-10-12,Trinity,0,0,0
42,2020-10-19,Trinity,0,0,0
43,2020-10-26,Trinity,0,0,0
44,2020-11-02,Trinity,0,0,0
45,2020-11-09,Trinity,0,0,0
46,2020-11-16,Trinity,0,0,0
47,2020-11-23,Trinity,0,0,0
48,2020-11-30,Trinity,0,0,0
13,2020-03-30,Tulare,6,5,7
14,2020-04-06,Tulare,5,4,7
15,2020-04-13,Tulare,12,8,16
16,2020-04-20,Tulare,14,6,18
17,2020-04-27,Tulare,27,9,15
18,2020-05-04,Tulare,29,7,27
19,2020-05-11,Tulare,21,6,24
20,2020-05-18,Tulare,35,10,20
21,2020-05-25,Tulare,35,9,29
22,2020-06-01,Tulare,40,13,22
23,2020-06-08,Tulare,34,11,14
24,2020-06-15,Tulare,34,8,10
25,2020-06-22,Tulare,46,8,12
26,2020-06-29,Tulare,53,10,6
27,2020-07-06,Tulare,74,13,12
28,2020-07-13,Tulare,81,11,8
29,2020-07-20,Tulare,89,9,13
30,2020-07-27,Tulare,87,12,19
31,2020-08-03,Tulare,104,20,4
32,2020-08-10,Tulare,105,17,10
33,2020-08-17,Tulare,98,11,17
34,2020-08-24,Tulare,68,12,17
35,2020-08-31,Tulare,49,12,16
36,2020-09-07,Tulare,50,10,16
37,2020-09-14,Tulare,57,10,17
38,2020-09-21,Tulare,39,6,22
39,2020-09-28,Tulare,37,7,24
40,2020-10-05,Tulare,34,7,23
41,2020-10-12,Tulare,34,9,25
42,2020-10-19,Tulare,26,4,35
43,2020-10-26,Tulare,28,1,38
44,2020-11-02,Tulare,32,6,20
45,2020-11-09,Tulare,39,3,30
46,2020-11-16,Tulare,38,5,26
47,2020-11-23,Tulare,60,6,29
48,2020-11-30,Tulare,56,8,24
13,2020-03-30,Tuolumne,1,0,0
14,2020-04-06,Tuolumne,1,0,3
15,2020-04-13,Tuolumne,0,0,0
16,2020-04-20,Tuolumne,0,0,6
17,2020-04-27,Tuolumne,0,0,2
18,2020-05-04,Tuolumne,0,0,2
19,2020-05-11,Tuolumne,0,0,1
20,2020-05-18,Tuolumne,0,0,2
21,2020-05-25,Tuolumne,0,0,1
22,2020-06-01,Tuolumne,0,0,2
23,2020-06-08,Tuolumne,0,0,0
24,2020-06-15,Tuolumne,0,0,5
25,2020-06-22,Tuolumne,0,0,2
26,2020-06-29,Tuolumne,0,0,4
27,2020-07-06,Tuolumne,1,0,0
28,2020-07-13,Tuolumne,1,0,3
29,2020-07-20,Tuolumne,1,0,4
30,2020-07-27,Tuolumne,4,1,3
31,2020-08-03,Tuolumne,1,0,2
32,2020-08-10,Tuolumne,2,0,1
33,2020-08-17,Tuolumne,1,0,0
34,2020-08-24,Tuolumne,1,0,3
35,2020-08-31,Tuolumne,1,0,6
36,2020-09-07,Tuolumne,1,0,3
37,2020-09-14,Tuolumne,0,0,1
38,2020-09-21,Tuolumne,1,0,2
39,2020-09-28,Tuolumne,0,0,3
40,2020-10-05,Tuolumne,1,0,6
41,2020-10-12,Tuolumne,0,0,0
42,2020-10-19,Tuolumne,1,0,2
43,2020-10-26,Tuolumne,1,0,6
44,2020-11-02,Tuolumne,1,0,0
45,2020-11-09,Tuolumne,3,0,3
46,2020-11-16,Tuolumne,5,1,3
47,2020-11-23,Tuolumne,6,0,3
48,2020-11-30,Tuolumne,14,2,2
13,2020-03-30,Ventura,24,5,14
14,2020-04-06,Ventura,25,5,15
15,2020-04-13,Ventura,22,9,32
16,2020-04-20,Ventura,21,9,35
17,2020-04-27,Ventura,29,8,27
18,2020-05-04,Ventura,28,6,36
19,2020-05-11,Ventura,26,9,55
20,2020-05-18,Ventura,31,12,48
21,2020-05-25,Ventura,33,15,39
22,2020-06-01,Ventura,33,10,46
23,2020-06-08,Ventura,24,8,36
24,2020-06-15,Ventura,42,12,47
25,2020-06-22,Ventura,44,13,55
26,2020-06-29,Ventura,49,14,38
27,2020-07-06,Ventura,74,26,45
28,2020-07-13,Ventura,92,30,47
29,2020-07-20,Ventura,99,31,54
30,2020-07-27,Ventura,92,28,48
31,2020-08-03,Ventura,86,24,53
32,2020-08-10,Ventura,88,19,45
33,2020-08-17,Ventura,79,23,45
34,2020-08-24,Ventura,70,25,47
35,2020-08-31,Ventura,76,36,33
36,2020-09-07,Ventura,65,27,45
37,2020-09-14,Ventura,58,27,50
38,2020-09-21,Ventura,47,19,49
39,2020-09-28,Ventura,39,21,63
40,2020-10-05,Ventura,46,14,62
41,2020-10-12,Ventura,33,14,56
42,2020-10-19,Ventura,32,18,60
43,2020-10-26,Ventura,30,15,60
44,2020-11-02,Ventura,26,11,60
45,2020-11-09,Ventura,29,13,48
46,2020-11-16,Ventura,41,18,38
47,2020-11-23,Ventura,49,23,33
48,2020-11-30,Ventura,64,30,26
13,2020-03-30,Yolo,2,1,0
14,2020-04-06,Yolo,2,1,0
15,2020-04-13,Yolo,4,3,-3
16,2020-04-20,Yolo,4,2,14
17,2020-04-27,Yolo,5,0,14
18,2020-05-04,Yolo,0,0,15
19,2020-05-11,Yolo,0,1,9
20,2020-05-18,Yolo,0,0,4
21,2020-05-25,Yolo,0,0,3
22,2020-06-01,Yolo,1,0,4
23,2020-06-08,Yolo,0,0,4
24,2020-06-15,Yolo,0,0,8
25,2020-06-22,Yolo,0,0,3
26,2020-06-29,Yolo,1,1,0
27,2020-07-06,Yolo,3,1,1
28,2020-07-13,Yolo,9,2,0
29,2020-07-20,Yolo,12,7,3
30,2020-07-27,Yolo,12,7,13
31,2020-08-03,Yolo,13,6,10
32,2020-08-10,Yolo,7,6,4
33,2020-08-17,Yolo,8,5,4
34,2020-08-24,Yolo,6,5,5
35,2020-08-31,Yolo,8,4,8
36,2020-09-07,Yolo,6,3,6
37,2020-09-14,Yolo,8,6,1
38,2020-09-21,Yolo,4,3,4
39,2020-09-28,Yolo,5,3,5
40,2020-10-05,Yolo,3,2,5
41,2020-10-12,Yolo,1,0,7
42,2020-10-19,Yolo,4,2,3
43,2020-10-26,Yolo,6,3,4
44,2020-11-02,Yolo,7,3,13
45,2020-11-09,Yolo,7,3,4
46,2020-11-16,Yolo,4,1,2
47,2020-11-23,Yolo,14,8,2
48,2020-11-30,Yolo,20,7,8
13,2020-03-30,Yuba,2,2,2
14,2020-04-06,Yuba,3,2,10
15,2020-04-13,Yuba,1,1,7
16,2020-04-20,Yuba,1,0,8
17,2020-04-27,Yuba,0,0,7
18,2020-05-04,Yuba,0,0,13
19,2020-05-11,Yuba,0,0,9
20,2020-05-18,Yuba,0,0,9
21,2020-05-25,Yuba,1,0,13
22,2020-06-01,Yuba,1,0,11
23,2020-06-08,Yuba,1,0,14
24,2020-06-15,Yuba,5,2,17
25,2020-06-22,Yuba,6,2,16
26,2020-06-29,Yuba,4,3,6
27,2020-07-06,Yuba,8,3,11
28,2020-07-13,Yuba,20,7,14
29,2020-07-20,Yuba,19,4,12
30,2020-07-27,Yuba,16,3,13
31,2020-08-03,Yuba,24,6,11
32,2020-08-10,Yuba,21,5,13
33,2020-08-17,Yuba,24,7,8
34,2020-08-24,Yuba,27,5,10
35,2020-08-31,Yuba,17,3,18
36,2020-09-07,Yuba,12,2,11
37,2020-09-14,Yuba,18,3,12
38,2020-09-21,Yuba,18,5,14
39,2020-09-28,Yuba,19,5,11
40,2020-10-05,Yuba,13,1,13
41,2020-10-12,Yuba,4,2,10
42,2020-10-19,Yuba,11,1,16
43,2020-10-26,Yuba,10,1,11
44,2020-11-02,Yuba,5,0,15
45,2020-11-09,Yuba,4,1,9
46,2020-11-16,Yuba,3,2,11
47,2020-11-23,Yuba,15,3,7
48,2020-11-30,Yuba,31,6,5
